Filename,Key,BPM,Flow,Sorrow,Author
Piano_A_Minor_60_30_2.mid,A_Minor,60,30,2,Nick Panek
Piano_A_Minor_60_30_5.mid,A_Minor,60,30,5,Nick Panek
Piano_A_Minor_60_30_8.mid,A_Minor,60,30,8,Nick Panek
Piano_A_Minor_60_60_2.mid,A_Minor,60,60,2,Nick Panek
Piano_A_Minor_60_60_5.mid,A_Minor,60,60,5,Nick Panek
Piano_A_Minor_60_60_8.mid,A_Minor,60,60,8,Nick Panek
Piano_A_Minor_60_90_2.mid,A_Minor,60,90,2,Nick Panek
Piano_A_Minor_60_90_5.mid,A_Minor,60,90,5,Nick Panek
Piano_A_Minor_60_90_8.mid,A_Minor,60,90,8,Nick Panek
Piano_A_Minor_65_30_2.mid,A_Minor,65,30,2,Nick Panek
Piano_A_Minor_65_30_5.mid,A_Minor,65,30,5,Nick Panek
Piano_A_Minor_65_30_8.mid,A_Minor,65,30,8,Nick Panek
Piano_A_Minor_65_60_2.mid,A_Minor,65,60,2,Nick Panek
Piano_A_Minor_65_60_5.mid,A_Minor,65,60,5,Nick Panek
Piano_A_Minor_65_60_8.mid,A_Minor,65,60,8,Nick Panek
Piano_A_Minor_65_90_2.mid,A_Minor,65,90,2,Nick Panek
Piano_A_Minor_65_90_5.mid,A_Minor,65,90,5,Nick Panek
Piano_A_Minor_65_90_8.mid,A_Minor,65,90,8,Nick Panek
Piano_A_Minor_70_30_2.mid,A_Minor,70,30,2,Nick Panek
Piano_A_Minor_70_30_5.mid,A_Minor,70,30,5,Nick Panek
Piano_A_Minor_70_30_8.mid,A_Minor,70,30,8,Nick Panek
Piano_A_Minor_70_60_2.mid,A_Minor,70,60,2,Nick Panek
Piano_A_Minor_70_60_5.mid,A_Minor,70,60,5,Nick Panek
Piano_A_Minor_70_60_8.mid,A_Minor,70,60,8,Nick Panek
Piano_A_Minor_70_90_2.mid,A_Minor,70,90,2,Nick Panek
Piano_A_Minor_70_90_5.mid,A_Minor,70,90,5,Nick Panek
Piano_A_Minor_70_90_8.mid,A_Minor,70,90,8,Nick Panek
Piano_A_Minor_75_30_2.mid,A_Minor,75,30,2,Nick Panek
Piano_A_Minor_75_30_5.mid,A_Minor,75,30,5,Nick Panek
Piano_A_Minor_75_30_8.mid,A_Minor,75,30,8,Nick Panek
Piano_A_Minor_75_60_2.mid,A_Minor,75,60,2,Nick Panek
Piano_A_Minor_75_60_5.mid,A_Minor,75,60,5,Nick Panek
Piano_A_Minor_75_60_8.mid,A_Minor,75,60,8,Nick Panek
Piano_A_Minor_75_90_2.mid,A_Minor,75,90,2,Nick Panek
Piano_A_Minor_75_90_5.mid,A_Minor,75,90,5,Nick Panek
Piano_A_Minor_75_90_8.mid,A_Minor,75,90,8,Nick Panek
Piano_A_Minor_80_30_2.mid,A_Minor,80,30,2,Nick Panek
Piano_A_Minor_80_30_5.mid,A_Minor,80,30,5,Nick Panek
Piano_A_Minor_80_30_8.mid,A_Minor,80,30,8,Nick Panek
Piano_A_Minor_80_60_2.mid,A_Minor,80,60,2,Nick Panek
Piano_A_Minor_80_60_5.mid,A_Minor,80,60,5,Nick Panek
Piano_A_Minor_80_60_8.mid,A_Minor,80,60,8,Nick Panek
Piano_A_Minor_80_90_2.mid,A_Minor,80,90,2,Nick Panek
Piano_A_Minor_80_90_5.mid,A_Minor,80,90,5,Nick Panek
Piano_A_Minor_80_90_8.mid,A_Minor,80,90,8,Nick Panek
Piano_A_Minor_85_30_2.mid,A_Minor,85,30,2,Nick Panek
Piano_A_Minor_85_30_5.mid,A_Minor,85,30,5,Nick Panek
Piano_A_Minor_85_30_8.mid,A_Minor,85,30,8,Nick Panek
Piano_A_Minor_85_60_2.mid,A_Minor,85,60,2,Nick Panek
Piano_A_Minor_85_60_5.mid,A_Minor,85,60,5,Nick Panek
Piano_A_Minor_85_60_8.mid,A_Minor,85,60,8,Nick Panek
Piano_A_Minor_85_90_2.mid,A_Minor,85,90,2,Nick Panek
Piano_A_Minor_85_90_5.mid,A_Minor,85,90,5,Nick Panek
Piano_A_Minor_85_90_8.mid,A_Minor,85,90,8,Nick Panek
Piano_A_Minor_90_30_2.mid,A_Minor,90,30,2,Nick Panek
Piano_A_Minor_90_30_5.mid,A_Minor,90,30,5,Nick Panek
Piano_A_Minor_90_30_8.mid,A_Minor,90,30,8,Nick Panek
Piano_A_Minor_90_60_2.mid,A_Minor,90,60,2,Nick Panek
Piano_A_Minor_90_60_5.mid,A_Minor,90,60,5,Nick Panek
Piano_A_Minor_90_60_8.mid,A_Minor,90,60,8,Nick Panek
Piano_A_Minor_90_90_2.mid,A_Minor,90,90,2,Nick Panek
Piano_A_Minor_90_90_5.mid,A_Minor,90,90,5,Nick Panek
Piano_A_Minor_90_90_8.mid,A_Minor,90,90,8,Nick Panek
Piano_C_Minor_60_30_2.mid,C_Minor,60,30,2,Nick Panek
Piano_C_Minor_60_30_5.mid,C_Minor,60,30,5,Nick Panek
Piano_C_Minor_60_30_8.mid,C_Minor,60,30,8,Nick Panek
Piano_C_Minor_60_60_2.mid,C_Minor,60,60,2,Nick Panek
Piano_C_Minor_60_60_5.mid,C_Minor,60,60,5,Nick Panek
Piano_C_Minor_60_60_8.mid,C_Minor,60,60,8,Nick Panek
Piano_C_Minor_60_90_2.mid,C_Minor,60,90,2,Nick Panek
Piano_C_Minor_60_90_5.mid,C_Minor,60,90,5,Nick Panek
Piano_C_Minor_60_90_8.mid,C_Minor,60,90,8,Nick Panek
Piano_C_Minor_65_30_2.mid,C_Minor,65,30,2,Nick Panek
Piano_C_Minor_65_30_5.mid,C_Minor,65,30,5,Nick Panek
Piano_C_Minor_65_30_8.mid,C_Minor,65,30,8,Nick Panek
Piano_C_Minor_65_60_2.mid,C_Minor,65,60,2,Nick Panek
Piano_C_Minor_65_60_5.mid,C_Minor,65,60,5,Nick Panek
Piano_C_Minor_65_60_8.mid,C_Minor,65,60,8,Nick Panek
Piano_C_Minor_65_90_2.mid,C_Minor,65,90,2,Nick Panek
Piano_C_Minor_65_90_5.mid,C_Minor,65,90,5,Nick Panek
Piano_C_Minor_65_90_8.mid,C_Minor,65,90,8,Nick Panek
Piano_C_Minor_70_30_2.mid,C_Minor,70,30,2,Nick Panek
Piano_C_Minor_70_30_5.mid,C_Minor,70,30,5,Nick Panek
Piano_C_Minor_70_30_8.mid,C_Minor,70,30,8,Nick Panek
Piano_C_Minor_70_60_2.mid,C_Minor,70,60,2,Nick Panek
Piano_C_Minor_70_60_5.mid,C_Minor,70,60,5,Nick Panek
Piano_C_Minor_70_60_8.mid,C_Minor,70,60,8,Nick Panek
Piano_C_Minor_70_90_2.mid,C_Minor,70,90,2,Nick Panek
Piano_C_Minor_70_90_5.mid,C_Minor,70,90,5,Nick Panek
Piano_C_Minor_70_90_8.mid,C_Minor,70,90,8,Nick Panek
Piano_C_Minor_75_30_2.mid,C_Minor,75,30,2,Nick Panek
Piano_C_Minor_75_30_5.mid,C_Minor,75,30,5,Nick Panek
Piano_C_Minor_75_30_8.mid,C_Minor,75,30,8,Nick Panek
Piano_C_Minor_75_60_2.mid,C_Minor,75,60,2,Nick Panek
Piano_C_Minor_75_60_5.mid,C_Minor,75,60,5,Nick Panek
Piano_C_Minor_75_60_8.mid,C_Minor,75,60,8,Nick Panek
Piano_C_Minor_75_90_2.mid,C_Minor,75,90,2,Nick Panek
Piano_C_Minor_75_90_5.mid,C_Minor,75,90,5,Nick Panek
Piano_C_Minor_75_90_8.mid,C_Minor,75,90,8,Nick Panek
Piano_C_Minor_80_30_2.mid,C_Minor,80,30,2,Nick Panek
Piano_C_Minor_80_30_5.mid,C_Minor,80,30,5,Nick Panek
Piano_C_Minor_80_30_8.mid,C_Minor,80,30,8,Nick Panek
Piano_C_Minor_80_60_2.mid,C_Minor,80,60,2,Nick Panek
Piano_C_Minor_80_60_5.mid,C_Minor,80,60,5,Nick Panek
Piano_C_Minor_80_60_8.mid,C_Minor,80,60,8,Nick Panek
Piano_C_Minor_80_90_2.mid,C_Minor,80,90,2,Nick Panek
Piano_C_Minor_80_90_5.mid,C_Minor,80,90,5,Nick Panek
Piano_C_Minor_80_90_8.mid,C_Minor,80,90,8,Nick Panek
Piano_C_Minor_85_30_2.mid,C_Minor,85,30,2,Nick Panek
Piano_C_Minor_85_30_5.mid,C_Minor,85,30,5,Nick Panek
Piano_C_Minor_85_30_8.mid,C_Minor,85,30,8,Nick Panek
Piano_C_Minor_85_60_2.mid,C_Minor,85,60,2,Nick Panek
Piano_C_Minor_85_60_5.mid,C_Minor,85,60,5,Nick Panek
Piano_C_Minor_85_60_8.mid,C_Minor,85,60,8,Nick Panek
Piano_C_Minor_85_90_2.mid,C_Minor,85,90,2,Nick Panek
Piano_C_Minor_85_90_5.mid,C_Minor,85,90,5,Nick Panek
Piano_C_Minor_85_90_8.mid,C_Minor,85,90,8,Nick Panek
Piano_C_Minor_90_30_2.mid,C_Minor,90,30,2,Nick Panek
Piano_C_Minor_90_30_5.mid,C_Minor,90,30,5,Nick Panek
Piano_C_Minor_90_30_8.mid,C_Minor,90,30,8,Nick Panek
Piano_C_Minor_90_60_2.mid,C_Minor,90,60,2,Nick Panek
Piano_C_Minor_90_60_5.mid,C_Minor,90,60,5,Nick Panek
Piano_C_Minor_90_60_8.mid,C_Minor,90,60,8,Nick Panek
Piano_C_Minor_90_90_2.mid,C_Minor,90,90,2,Nick Panek
Piano_C_Minor_90_90_5.mid,C_Minor,90,90,5,Nick Panek
Piano_C_Minor_90_90_8.mid,C_Minor,90,90,8,Nick Panek
Piano_E_Minor_60_30_2.mid,E_Minor,60,30,2,Nick Panek
Piano_E_Minor_60_30_5.mid,E_Minor,60,30,5,Nick Panek
Piano_E_Minor_60_30_8.mid,E_Minor,60,30,8,Nick Panek
Piano_E_Minor_60_60_2.mid,E_Minor,60,60,2,Nick Panek
Piano_E_Minor_60_60_5.mid,E_Minor,60,60,5,Nick Panek
Piano_E_Minor_60_60_8.mid,E_Minor,60,60,8,Nick Panek
Piano_E_Minor_60_90_2.mid,E_Minor,60,90,2,Nick Panek
Piano_E_Minor_60_90_5.mid,E_Minor,60,90,5,Nick Panek
Piano_E_Minor_60_90_8.mid,E_Minor,60,90,8,Nick Panek
Piano_E_Minor_65_30_2.mid,E_Minor,65,30,2,Nick Panek
Piano_E_Minor_65_30_5.mid,E_Minor,65,30,5,Nick Panek
Piano_E_Minor_65_30_8.mid,E_Minor,65,30,8,Nick Panek
Piano_E_Minor_65_60_2.mid,E_Minor,65,60,2,Nick Panek
Piano_E_Minor_65_60_5.mid,E_Minor,65,60,5,Nick Panek
Piano_E_Minor_65_60_8.mid,E_Minor,65,60,8,Nick Panek
Piano_E_Minor_65_90_2.mid,E_Minor,65,90,2,Nick Panek
Piano_E_Minor_65_90_5.mid,E_Minor,65,90,5,Nick Panek
Piano_E_Minor_65_90_8.mid,E_Minor,65,90,8,Nick Panek
Piano_E_Minor_70_30_2.mid,E_Minor,70,30,2,Nick Panek
Piano_E_Minor_70_30_5.mid,E_Minor,70,30,5,Nick Panek
Piano_E_Minor_70_30_8.mid,E_Minor,70,30,8,Nick Panek
Piano_E_Minor_70_60_2.mid,E_Minor,70,60,2,Nick Panek
Piano_E_Minor_70_60_5.mid,E_Minor,70,60,5,Nick Panek
Piano_E_Minor_70_60_8.mid,E_Minor,70,60,8,Nick Panek
Piano_E_Minor_70_90_2.mid,E_Minor,70,90,2,Nick Panek
Piano_E_Minor_70_90_5.mid,E_Minor,70,90,5,Nick Panek
Piano_E_Minor_70_90_8.mid,E_Minor,70,90,8,Nick Panek
Piano_E_Minor_75_30_2.mid,E_Minor,75,30,2,Nick Panek
Piano_E_Minor_75_30_5.mid,E_Minor,75,30,5,Nick Panek
Piano_E_Minor_75_30_8.mid,E_Minor,75,30,8,Nick Panek
Piano_E_Minor_75_60_2.mid,E_Minor,75,60,2,Nick Panek
Piano_E_Minor_75_60_5.mid,E_Minor,75,60,5,Nick Panek
Piano_E_Minor_75_60_8.mid,E_Minor,75,60,8,Nick Panek
Piano_E_Minor_75_90_2.mid,E_Minor,75,90,2,Nick Panek
Piano_E_Minor_75_90_5.mid,E_Minor,75,90,5,Nick Panek
Piano_E_Minor_75_90_8.mid,E_Minor,75,90,8,Nick Panek
Piano_E_Minor_80_30_2.mid,E_Minor,80,30,2,Nick Panek
Piano_E_Minor_80_30_5.mid,E_Minor,80,30,5,Nick Panek
Piano_E_Minor_80_30_8.mid,E_Minor,80,30,8,Nick Panek
Piano_E_Minor_80_60_2.mid,E_Minor,80,60,2,Nick Panek
Piano_E_Minor_80_60_5.mid,E_Minor,80,60,5,Nick Panek
Piano_E_Minor_80_60_8.mid,E_Minor,80,60,8,Nick Panek
Piano_E_Minor_80_90_2.mid,E_Minor,80,90,2,Nick Panek
Piano_E_Minor_80_90_5.mid,E_Minor,80,90,5,Nick Panek
Piano_E_Minor_80_90_8.mid,E_Minor,80,90,8,Nick Panek
Piano_E_Minor_85_30_2.mid,E_Minor,85,30,2,Nick Panek
Piano_E_Minor_85_30_5.mid,E_Minor,85,30,5,Nick Panek
Piano_E_Minor_85_30_8.mid,E_Minor,85,30,8,Nick Panek
Piano_E_Minor_85_60_2.mid,E_Minor,85,60,2,Nick Panek
Piano_E_Minor_85_60_5.mid,E_Minor,85,60,5,Nick Panek
Piano_E_Minor_85_60_8.mid,E_Minor,85,60,8,Nick Panek
Piano_E_Minor_85_90_2.mid,E_Minor,85,90,2,Nick Panek
Piano_E_Minor_85_90_5.mid,E_Minor,85,90,5,Nick Panek
Piano_E_Minor_85_90_8.mid,E_Minor,85,90,8,Nick Panek
Piano_E_Minor_90_30_2.mid,E_Minor,90,30,2,Nick Panek
Piano_E_Minor_90_30_5.mid,E_Minor,90,30,5,Nick Panek
Piano_E_Minor_90_30_8.mid,E_Minor,90,30,8,Nick Panek
Piano_E_Minor_90_60_2.mid,E_Minor,90,60,2,Nick Panek
Piano_E_Minor_90_60_5.mid,E_Minor,90,60,5,Nick Panek
Piano_E_Minor_90_60_8.mid,E_Minor,90,60,8,Nick Panek
Piano_E_Minor_90_90_2.mid,E_Minor,90,90,2,Nick Panek
Piano_E_Minor_90_90_5.mid,E_Minor,90,90,5,Nick Panek
Piano_E_Minor_90_90_8.mid,E_Minor,90,90,8,Nick Panek
Piano_F_Minor_60_30_2.mid,F_Minor,60,30,2,Nick Panek
Piano_F_Minor_60_30_5.mid,F_Minor,60,30,5,Nick Panek
Piano_F_Minor_60_30_8.mid,F_Minor,60,30,8,Nick Panek
Piano_F_Minor_60_60_2.mid,F_Minor,60,60,2,Nick Panek
Piano_F_Minor_60_60_5.mid,F_Minor,60,60,5,Nick Panek
Piano_F_Minor_60_60_8.mid,F_Minor,60,60,8,Nick Panek
Piano_F_Minor_60_90_2.mid,F_Minor,60,90,2,Nick Panek
Piano_F_Minor_60_90_5.mid,F_Minor,60,90,5,Nick Panek
Piano_F_Minor_60_90_8.mid,F_Minor,60,90,8,Nick Panek
Piano_F_Minor_65_30_2.mid,F_Minor,65,30,2,Nick Panek
Piano_F_Minor_65_30_5.mid,F_Minor,65,30,5,Nick Panek
Piano_F_Minor_65_30_8.mid,F_Minor,65,30,8,Nick Panek
Piano_F_Minor_65_60_2.mid,F_Minor,65,60,2,Nick Panek
Piano_F_Minor_65_60_5.mid,F_Minor,65,60,5,Nick Panek
Piano_F_Minor_65_60_8.mid,F_Minor,65,60,8,Nick Panek
Piano_F_Minor_65_90_2.mid,F_Minor,65,90,2,Nick Panek
Piano_F_Minor_65_90_5.mid,F_Minor,65,90,5,Nick Panek
Piano_F_Minor_65_90_8.mid,F_Minor,65,90,8,Nick Panek
Piano_F_Minor_70_30_2.mid,F_Minor,70,30,2,Nick Panek
Piano_F_Minor_70_30_5.mid,F_Minor,70,30,5,Nick Panek
Piano_F_Minor_70_30_8.mid,F_Minor,70,30,8,Nick Panek
Piano_F_Minor_70_60_2.mid,F_Minor,70,60,2,Nick Panek
Piano_F_Minor_70_60_5.mid,F_Minor,70,60,5,Nick Panek
Piano_F_Minor_70_60_8.mid,F_Minor,70,60,8,Nick Panek
Piano_F_Minor_70_90_2.mid,F_Minor,70,90,2,Nick Panek
Piano_F_Minor_70_90_5.mid,F_Minor,70,90,5,Nick Panek
Piano_F_Minor_70_90_8.mid,F_Minor,70,90,8,Nick Panek
Piano_F_Minor_75_30_2.mid,F_Minor,75,30,2,Nick Panek
Piano_F_Minor_75_30_5.mid,F_Minor,75,30,5,Nick Panek
Piano_F_Minor_75_30_8.mid,F_Minor,75,30,8,Nick Panek
Piano_F_Minor_75_60_2.mid,F_Minor,75,60,2,Nick Panek
Piano_F_Minor_75_60_5.mid,F_Minor,75,60,5,Nick Panek
Piano_F_Minor_75_60_8.mid,F_Minor,75,60,8,Nick Panek
Piano_F_Minor_75_90_2.mid,F_Minor,75,90,2,Nick Panek
Piano_F_Minor_75_90_5.mid,F_Minor,75,90,5,Nick Panek
Piano_F_Minor_75_90_8.mid,F_Minor,75,90,8,Nick Panek
Piano_F_Minor_80_30_2.mid,F_Minor,80,30,2,Nick Panek
Piano_F_Minor_80_30_5.mid,F_Minor,80,30,5,Nick Panek
Piano_F_Minor_80_30_8.mid,F_Minor,80,30,8,Nick Panek
Piano_F_Minor_80_60_2.mid,F_Minor,80,60,2,Nick Panek
Piano_F_Minor_80_60_5.mid,F_Minor,80,60,5,Nick Panek
Piano_F_Minor_80_60_8.mid,F_Minor,80,60,8,Nick Panek
Piano_F_Minor_80_90_2.mid,F_Minor,80,90,2,Nick Panek
Piano_F_Minor_80_90_5.mid,F_Minor,80,90,5,Nick Panek
Piano_F_Minor_80_90_8.mid,F_Minor,80,90,8,Nick Panek
Piano_F_Minor_85_30_2.mid,F_Minor,85,30,2,Nick Panek
Piano_F_Minor_85_30_5.mid,F_Minor,85,30,5,Nick Panek
Piano_F_Minor_85_30_8.mid,F_Minor,85,30,8,Nick Panek
Piano_F_Minor_85_60_2.mid,F_Minor,85,60,2,Nick Panek
Piano_F_Minor_85_60_5.mid,F_Minor,85,60,5,Nick Panek
Piano_F_Minor_85_60_8.mid,F_Minor,85,60,8,Nick Panek
Piano_F_Minor_85_90_2.mid,F_Minor,85,90,2,Nick Panek
Piano_F_Minor_85_90_5.mid,F_Minor,85,90,5,Nick Panek
Piano_F_Minor_85_90_8.mid,F_Minor,85,90,8,Nick Panek
Piano_F_Minor_90_30_2.mid,F_Minor,90,30,2,Nick Panek
Piano_F_Minor_90_30_5.mid,F_Minor,90,30,5,Nick Panek
Piano_F_Minor_90_30_8.mid,F_Minor,90,30,8,Nick Panek
Piano_F_Minor_90_60_2.mid,F_Minor,90,60,2,Nick Panek
Piano_F_Minor_90_60_5.mid,F_Minor,90,60,5,Nick Panek
Piano_F_Minor_90_60_8.mid,F_Minor,90,60,8,Nick Panek
Piano_F_Minor_90_90_2.mid,F_Minor,90,90,2,Nick Panek
Piano_F_Minor_90_90_5.mid,F_Minor,90,90,5,Nick Panek
Piano_F_Minor_90_90_8.mid,F_Minor,90,90,8,Nick Panek
